id,session_id,session_name,room,time,submission_id,presenter,title,authors,keywords
0,PA_00,Mobility and Urban Data Science I,A,11:00,191,Michael Szell,Computational Desire Line Analysis of Cyclists on the Dybb√∏lsbro Intersection in Copenhagen,Simon Martin Breum|Bojan Kostic|Michael Szell,urban data science|cycling|traffic behavior|human-centric planning
1,PA_00,Mobility and Urban Data Science I,A,11:15,197,Ting Lian,Identify Urban Risk Factors for Bus Crashes Using Computer Vision Tools,Zhuangyuan Fan|Becky P.Y. Loo|Ting Lian|Feiyang Zhang,transportation|crashes analysis|computer vision|pedestrian behavior|video analysis
2,PA_00,Mobility and Urban Data Science I,A,11:30,74,Massimiliano Luca,Understanding how Road Network Safety Impacts Cycling Behaviour,Massimiliano Luca|Bruno Lepri|Antonio Bucchiarone|Annapaola Marconi|Simone Centellegher,Mobility|Urban Planning|GPS Traces|Human Behaviour
3,PA_00,Mobility and Urban Data Science I,A,11.45,73,Silvia De Sojo Caso,Understanding the gender gaps in employment and mobility using large-scale behavioral data,Silvia De Sojo|Sune Lehmann|Laura Maria Alessandretti,human mobility|gender gaps|employment|smartphones|GPS data
4,PA_00,Mobility and Urban Data Science I,A,12:00,456,Ronaldo Menezes,Uncovering the differences and similarities between physical and virtual mobility,Surendra Hazarie|Hugo Barbosa|Adam Frank|Ronaldo Menezes|Gourab Ghoshal,Human Mobility|Human Behaviour Modelling|Virtual Mobility
5,PA_00,Mobility and Urban Data Science I,A,12:15,744,Henrik Wolf,CoolWalks,Henrik Wolf|Ane Rahbek Vierø|Michael Szell,urban data science|liveability|street networks|climate adaption|human mobility
6,PA_01,Networks and public health,B,11:00,71,Michele Tizzani,Impact of tiered measures on social contact and mixing patterns of adults in Italy during the second wave of COVID-19,MICHELE TIZZANI|Daniela Paolotti|Pietro Coletti|Alessandro De Gaetano|Christopher I Jarvis|Amy Gimma|Kerry Wong|John W Edmunds|Philippe Beutels|Niel Hens,Keywords: COVID-19|contact matrices|non-pharmaceutical interventions|social contact patterns|disease outbreak
7,PA_01,Networks and public health,B,11:15,78,J√∫lia Koltai,Vaccination Homophily in Social Networks During the Covid-19 Pandemic,Julia Koltai|Adam Stefkovics|Anna Sara Ligeti,ego-networks|network diary|homophily|vaccination|Covid19
8,PA_01,Networks and public health,B,11:30,17,Marcin Waniek,Trading contact tracing efficiency for finding patient zero,Marcin Waniek|Petter Holme|Katayoun Farrahi|Remi Emonet|Manuel Cebrian|Talal Rahwan,contact tracing|source detection|networks|diffusion|infection
9,PA_01,Networks and public health,B,11.45,190,Michele Tizzoni,Modeling adaptive forward-looking behavior in epidemics on networks,Lorenzo Amir Nemati Fard|Michele Starnini|Michele Tizzoni,epidemic modeling|epi-economics|forward-looking behaviour|complex networks
10,PA_01,Networks and public health,B,12:00,204,Alessandro De Gaetano,Behavioural changes associated to the COVID-19 vaccine: Evidence from a cross-national Facebook survey,Alessandro De Gaetano|Daniela Paolotti|Daniela Perrotta|Nicola Perra|Nicolò Gozzi|Paolo Bajardi,COVID-19|Vaccines|Human behaviours|Facebook surveys|Multivariate analysis
11,PA_01,Networks and public health,B,12:15,330,Ryota Kobayashi,Evolution of Public Opinion on COVID-19 Vaccination in Japan,Ryota Kobayashi|Yuka Takedomi|Yuri Nakayama|Towa Suda|Takeaki Uno|Takako Hashimoto|Masashi Toyoda|Naoki Yoshinaga|Masaru Kitsuregawa|Luis E C Rocha,COVID-19|vaccination|Twitter|public opinion|longitudinal study
12,PA_02,Social networks I,C,11:00,657,Melanie Oyarzun,Friendship Modulates Hierarchical Relations in Public Elementary Schools,Melanie Oyarzun|Carlos Rodriguez-Sickert|Cristian E Candia,Cooperation|Friendship|Social Hierarchy|Network Science and Complex Systems
13,PA_02,Social networks I,C,11:15,481,Takahiro Yabe,Behavior-based dependency networks improve predictability of economic resilience,Takahiro Yabe|Bernardo Garcia Bulle Bueno|Morgan Ryan Frank|Alex Pentland|Esteban Moro,resilience|human mobility|economic networks|cities|network dependence
14,PA_02,Social networks I,C,11:30,511,Edwin De Jonge,Development of Educational Segregation Measured using Longitudinal Population Scale Network Data,Dingeman Jan Van der Laan|Edwin de Jonge|Marjolijn Das,etwork analysis|segregation|complete population|longitudinal|education level
15,PA_02,Social networks I,C,11.45,893,Veniamin Veselovsky,The Amplification Paradox in Recommender Systems,Manoel Horta Ribeiro|Veniamin Veselovsky|Robert West,recommender systems|radicalization|algorithmic auditing|YouTube
16,PA_02,Social networks I,C,12:00,802,Mark Whiting,Population-level common sense,Mark E Whiting|Duncan J Watts,common sense|network analysis|belief network
17,PA_02,Social networks I,C,12:15,634,Marc Sadurn√≠ Parera,Emergence of social hierarchies in a society of two competitive classes,Marc Sadurní Parera|Josep Perelló|Miquel Montero,Agent-based models|Social hierarchies|Inequalities|Stochastic processes|Complex Systems
18,PA_03,Inequalities and bias,D,11:00,489,Jamell Dacon,Beyond Race and Gender: A Look at Sociodemographic Biases Toward Persons with Disabilities,Jamell Dacon|Jiliang Tang,Fairness|Inclusivity|Race|Gender|Disability
19,PA_03,Inequalities and bias,D,11:15,855,Minsu Park,Fighting bias with bias: How same-race endorsements reduce racial discrimination on Airbnb,Minsu Park|Chao Yu|Michael Macy,Racial Bias|Racial Inequality|Impact of Recommendations|Platform Design|Sharing Economy
20,PA_03,Inequalities and bias,D,11:30,732,Adam Pah,Cross Walking Bias: How Data Recombination Reifies Bias in Criminal Sentencing,Kat Albrecht,courts|court records|data cross walks|crime|bias
21,PA_03,Inequalities and bias,D,11.45,603,Nicola Fanton,Instructions (for All): On Differences and Biases in How-to Guides for Specific Audiences,Nicola Fanton|Agnieszka Falenska|Michael Roth,Instructions|Systematic Biases|Social Stereotypes|Targeting|Classification
22,PA_03,Inequalities and bias,D,12:00,9,Zeyneb Kaya,Women in the Workplace: Analyzing Gender Biases in Corporate Email Communications,Zeyneb Nahide Kaya,
23,PA_03,Inequalities and bias,D,12:15,768,Matteo Magnani,YouTube as a visual digital intermediary in global climate communication,Alexandra Segerberg|Matteo Magnani,YouTube|climate change communication|digital platforms|global|computer vision
24,PA_04,Nature and Climate,E,11:00,588,Nicole Nisbett,How convincing are AI-generated moral arguments for climate action?,Nicole Nisbett|Viktoria Spaiser,GPT-3|Moral Foundation Theory|climate communication|AI|climate action
25,PA_04,Nature and Climate,E,11:15,911,Kelton Minor,Adverse weather amplifies social media activity,Kelton R Minor|Esteban Moro|Nick Obradovich,weather|social media|heat|climate|rain
26,PA_04,Nature and Climate,E,11:30,760,Hannah-Marie B√ºttner,Activists preserving the (Digital Media) Environment ‚Äì Advocacy Coalitions of LuÃàtzerath,Hannah-Marie Büttner|Hendrik Meyer|Patrick Zerrer,climate protest|digital network analysis|topic modelling|advocacy coalitions
27,PA_04,Nature and Climate,E,11.45,66,Max Falkenberg,"The Evolution of Climate Scepticism on Twitter: Polarization, Hypocrisy, and the Musk Takeover",Max Falkenberg|Andrea Baronchelli,Social media|climate change|climate sceptics|polarization|hypocrisy
28,PA_04,Nature and Climate,E,12:00,466,Giorgio Tripodi,Advances in negative emissions technologies generate heterogeneous knowledge spillovers,Giorgio Tripodi|Francesco Lamperti|Andrea mina|Fabrizio Lillo|Roberto Mavilia|Francesca Chiaromonte,Science of science|Knowledge spillovers|Climate change|Networks|Innovation
29,PA_04,Nature and Climate,E,12:15,899,Kelton Minor,Nature exposure is associated with reduced smartphone use,Kelton R Minor|Kristoffer Lind Glavind|Aaron J. Schwartz|Christopher Danforth|Sune Lehmann|Andreas Bjerre-Nielsen,Nature|smartphones|attention|screentime|greenspace
30,PA_05,Education,F,11:00,339,Katie Spoon,"Quantifying the origins and impacts of book bans in U.S. public schools, 2021 - 2022",Katie Spoon|Isabelle Langrock|Jack LaViolette|Marcelo Silva,book bans|politics|education|censorship|polarization
31,PA_05,Education,F,11:15,392,"Kristina Gligoric, Tiziano Piccardi","In-class Data Analysis Replications: Feasibility, Student Learning Outcomes, and Challenges",Kristina Gligoric|Tiziano Piccardi|Jake M. Hofman|Robert West,reproducibility|data analysis|education|open science|citizen science
32,PA_05,Education,F,11:30,891,Zhen Xu,Intersectional Inequalities in Online Communication Among Postsecondary Learners,Renzhe Yu|Sky CH-Wang|Zhen Xu|Zhuojian Wei,Online Education|Discussion Forum|Inequality|Intersectionality|Natural Language Processing
33,PA_05,Education,F,11.45,427,Nalette Brodnax,Top-Down Discipline: The Role of Carceral Ideology in US Public Schools' Disciplinary Regimes,NaLette Brodnax,school discipline|racial inequality|education policy|text as data
34,PA_05,Education,F,12:00,183,Nabeel Gillani,Impacts of Differential Privacy on Fostering more Racially and Ethnically Diverse Elementary Schools,Keyu Zhu|Nabeel Gillani|Pascal Van Hentenryck,Education|Inequality|Socioeconomic Diversity|Differential Privacy|Optimization
35,PA_05,Education,F,12:15,647,Melanie Oyarzun,Homophily and heterogeneity of students‚Äô preferences increase persistence in STEM,Melanie Oyarzun|Mariana Macedo|Cristian E Candia|Cesar A Hidalgo,Higher Education Persistence|Gender Inequality|Persistence in STEM|Network Science|Complex Systems
36,PA_06,Online discourse,G,11:00,471,Roeland Dub√®l,A dynamic perspective on online news article reading,Damian Trilling|Roeland Dubèl|Rupert Kiddle|Anne C. Kroon|Zilin Lin|Mónika Simon|Susan Vermeer|Kasper Welbers|Mark Boukes,online news|log data|feedback loops|traffic sources
37,PA_06,Online discourse,G,11:15,464,Sanjay Kairam,Estimating the Impact of Replies on First-Time Contributors in Online Communities: A Peer Encouragement-Based Approach,Sanjay Kairam,online community|reddit|newcomer|instrumental variable|peer encouragement
38,PA_06,Online discourse,G,11:30,618,Leonardo Castro Gonzalez,Who is driving the conversation? Analysing the nodality of British MPs and journalists on online platforms,Sukankana Chakraborty|Leonardo Castro-Gonzalez|Helen Margetts|Jonathan Bright,Nodality|Twitter|British Politics|Network Sciences|Information Theory
39,PA_06,Online discourse,G,11.45,715,Helena Rauxloh,"The more news sources, the better for democracy? Diversity of information exposure and feelings of self-efficacy",Helena Sophia Rauxloh|Lisa Merten|Heidi Schulze|Judith Moeller|Isabel Lerch,web tracking|information exposure|news sources|diversity|efficacy
40,PA_06,Online discourse,G,12:00,804,Dylan Thurgood,You Are What You Read or Whom You Trust?,Dylan Thurgood|Sebastian Stier,web tracking|news consumption|media trust|EU|immigration
41,PA_06,Online discourse,G,12:15,777,"Ardon Shorr, Mark Whiting",Matter Orders: Structural cues affect readers' interpretations independently of word choice,Ardon Z. Shorr|Mark E Whiting|Dafna Yavetz,emphasis|stance|structure|discourse|MTurk
42,PA_07,Polarization I,H,11:00,50,Marilena Hohmann,Estimating Affective Polarization on a Social Network,Marilena Hohmann|Michele Coscia,affective polarization|partisan hostility|social networks|network analysis|Twitter
43,PA_07,Polarization I,H,11:15,619,Tiancheng Hu,Overcoming Affective Polarization in Generative Language Models,Tiancheng Hu|Yara Kyrychenko|Sander van der Linden|Jon Roozenbeek,large language models|affective polarization|ingroup favoritism|outgroup derogation|social bias
44,PA_07,Polarization I,H,11:30,172,Nikolaos Nakis,Characterizing Polarization in Social Networks using Archetypal Analysis,Nikolaos Nakis|Abdulkadir CELIKKANAT|Louis Boucherie|Morten Mørup,polarization|social networks|link prediction|latent space modeling|embeddings
45,PA_07,Polarization I,H,11.45,606,Gianmarco De Francisci Morales,Evidence of Demographic rather than Ideological Segregation in News Discussion on Reddit,Corrado Monti|Jacopo D'Ignazi|Michele Starnini|Gianmarco De Francisci Morales,Homophily|Socio-demographic factors|Polarization|Echo Chambers|News|Reddit
46,PA_07,Polarization I,H,12:00,785,Homa Hosseinmardi,From shared to separate: Tracking polarization in the production and consumption of American TV news,Homa Hosseinmardi|Sam Wolken|David Rothschild|Duncan Watts,agenda setting|television news|media bias|selection|framing
47,PA_07,Polarization I,H,12:15,196,Li Zhang,Predicting polarisation of dynamic social networks via graph auto-encoders,Li Zhang|Isabelle Lorge|Janet B. Pierrehumbert|Xiaowen Dong,Dynamic social networks|Network heterogeneity|Polarisation prediction|Signed graph clustering|Graph auto-encoders
48,PA_08,Mobility and Urban Data Science II,A,14:30,738,Ohhyun Kwon,Mobility potential as a window to explore social capital in urban systems,Ohhyun Kwon|Damin Lee|Inho Hong|Jaehyuk Park|Hyejin Youn|Woo-Sung Jung,Human mobility|Potential field|Social capital|Economic connectivity|Urban structure
49,PA_08,Mobility and Urban Data Science II,A,14:45,422,Federico Delussu,Evidence of pandemic fatigue associated with stricter tiered COVID-19 restrictions,Federico Delussu|Michele Tizzoni|Laetitia Gauvin,mobility|NPI|pandemic fatigue|human behaviour|mixed-effect regression models
50,PA_08,Mobility and Urban Data Science II,A,15:00,335,Simone Centellegher,Long-term impact of job loss on individual mobility behaviour,Simone Centellegher|Lorenzo Lucchini|Marco Tonin|Bruno Lepri|Marco De Nadai,job loss detection|unemployment|human mobility|GPS mobility traces|behaviour change
51,PA_08,Mobility and Urban Data Science II,A,15:15,877,David Liu,Disaggregating bike-share mobility data to measure urban segregation over time,David Mingfei Liu,urban segregation|mobility|transportation networks|network dynamics|bike share
52,PA_08,Mobility and Urban Data Science II,A,15:30,700,Damin Lee,Mobility Connectedness: Uncovering socioeconomic bias and connectivity in urban mobility,Damin Lee|Ohhyun Kwon|Inho Hong|Jaehyuk Park|Woo-Sung Jung|Hyejin Youn,human mobility|income segregation|socioeconomic mixing|urban mobility
53,PA_08,Mobility and Urban Data Science II,A,15:45,361,Nandini Iyer,How Can Transport Inequality Contribute to Housing Insecurity?,Nandini Iyer|Ronaldo Menezes|Hugo Barbosa,Human Mobility|Transit Networks|Commuting|Human Mobility|Social Mobility
54,PA_09,Polarization II,B,14:30,902,Veniamin Veselovsky,Wikipedia's Polarization on Reddit,Veniamin Veselovsky|Ashton Anderson,Community embeddings|Wikipedia|polarization|culture wars|Reddit
55,PA_09,Polarization II,B,14:45,791,Ali Faqeeh,Political polarization: Persistent hatred or issue-dependent sidings?,Ali Faqeeh|Letizia Iannucci|Ted Hsuan Yun Chen|Mikko Kivelä,Large-scale social phenomena|Network analysis of social systems|computational methods|cultural patterns and dynamics|polarization and government
56,PA_09,Polarization II,B,15:00,560,Ali Salloum,Separating Polarization from Noise: Comparison and Normalization of Structural Polarization Measures,Ali Salloum|Ted Hsuan Yun Chen|Mikko Kivelä,network science|polarization|twitter|community detection|statistical significance
57,PA_09,Polarization II,B,15:15,29,Christian Overgaard,The Manifestation of Affective Polarization on Social Media: A Cross-Platform Supervised Machine Learning Approach,Christian Staal Bruun Overgaard|Josephine Lukito|Kaiya Soorholtz,affective polarization|BERT|mass polarization|social media|supervised machine learning
58,PA_09,Polarization II,B,15:30,670,Fatemah Alqabandi,Self-censorship and political identity on social media,Fatima Alqabandi,Self-censorship|political polarization|social media|online messaging|communication
59,PA_09,Polarization II,B,15:45,701,Eckehard Olbrich,Analysing the structure of high-dimensional opinion spaces - the example of Swiss popular votes,Eckehard Olbrich|Sven Banisch,issue bundles|correlated class analysis|belief networks|political polarization
60,PA_010,Social Networks II,C,14:30,439,Milena Tsvetkova,Millions of Brand Co-visits Reveal Socioeconomic Status Boundaries in Daily Consumption,Yuanmo He|Milena Tsvetkova,social networks|inequality|socioeconomic status|consumption behavior|mobility
61,PA_010,Social Networks II,C,14:45,449,Kathyrn Fair,Emerging Labour Flow Networks,Kathyrn Fair|Omar Guerrero,labour mobility|labour flow networks|labour market shocks|agent-computing model|emergence
62,PA_010,Social Networks II,C,15:00,620,Gerardo Iniguez,Universal patterns in egocentric communication networks,Gerardo Iñiguez|Sara Heydari|János Kertész|Jari Saramäki,Quantitative sociology|personal networks|tie strength. communication dynamics|modelling
63,PA_010,Social Networks II,C,15:15,554,Johanna Einsiedler,Persistance of Social Ties from Informal Group Interactions,Johanna Einsiedler|Nikolaj Arpe Harmon|David Dreyer Lassen|Jolien Cremers|Andreas Bjerre-Nielsen,social networks|group formation|sensor data|peer effects|causal inference
64,PA_010,Social Networks II,C,15:30,235,Alexander Gates,Connected Reality: Virtual Immersion in Social Networks,Alexander J Gates|Alice Grishchenko,social networks|science of science|augmented reality|data visualization
65,PA_010,Social Networks II,C,15:45,254,Sam Zhang,Minority group size moderates inequity-reducing strategies in homophilic networks,Ana Macanovic|Sam Zhang,social networks|network models|minority groups|inequality|complex systems
66,PA_011,Digital beahvior,D,14:30,334,Lorenzo Dall'amico,Modeling participants‚Äô compliance in a large-scale sociometric study in low- and middle-income environments,Lorenzo Dall'Amico|Onicio Leal|Lonjezo Dzekedzeke|Beverly Laher|Guilherme Lichand|Ciro Cattuto,participant compliance|proximity networks|wearable sensors|human behavior|field studies
67,PA_011,Digital beahvior,D,14:45,386,Alessandra Urbinati,Mapping users' checking habits in mobile app usage,Anna Sapienza|Alessandra Urbinati|Salvatore Vilella,smartphones|mobile apps|digital behaviors|checking habits|complex networks
68,PA_011,Digital beahvior,D,15:00,119,Roland Toth,"One App to Assess Them All ‚Äì Combining Logging, Experience Sampling, and Survey in an Android and iOS App",Roland Toth|Christian Strippel,smartphone|research app|survey|ESM|logging
69,PA_011,Digital beahvior,D,15:15,426,Anna Sapienza,Exposure to urban and rural contexts shapes smartphone usage behavior,Anna Sapienza|Marita Lítlá|Sune Lehmann|Laura Maria Alessandretti,Urban/rural divide|digital behaviour|smartphones|quasi-experimental design|matching
70,PA_011,Digital beahvior,D,15:30,389,Kristina Gligoric,Biased Bytes: On the Validity of Estimating Food Consumption from Digital Traces,Kristina Gligoric|Irena Đorđević|Robert West,biases|validity|social media|food|images
71,PA_011,Digital beahvior,D,15:45,88,David Groning,Directing Smartphone Use Through the Self-Nudge App one sec,David Joachim Grüning|Frederik Riedel|Philipp Lorenz-Spreen,app use|self-nudging|online behavior|field experiment|one sec
72,PA_012,Social Media I,E,14:30,797,Armin Pournaki,Two years of Trending Topics: Measuring Issue Alignment in the German Twittersphere,Armin Pournaki|Felix Gaisbauer|Eckehard Olbrich,Twitter|large-scale social phenomena|issue alignment|network analysis|topic modeling
73,PA_012,Social Media I,E,14:45,881,Bradley Spahn,Measuring Conversational Contentiousness on Reddit with Sub-Graph Motifs,Bradley Spahn|Sahil Verma,Conversations|Discussion|Motifs|Conflict|Community
74,PA_012,Social Media I,E,15:00,783,Pedro Ramaciotti,Extreme swingers: explaining political preference change from far-left to far-right in Twitter users,Armin Pournaki|Pedro Ramaciotti Morales,ideal point estimation|polarization|dimensionality|proximity voting|Twitter
75,PA_012,Social Media I,E,15:15,818,Yuta Tomokiyo,Characteristics and Interest Topic Extraction of Non-Partisan Clusters in Social Media: Case Study of the National Funeral for Former PM Shinzo Abe,Yuta Tomokiyo|Kimitaka Asatani|Kunihiro Miyazaki|Fujio Toriumi|Ichiro Sakata,non-partisan|social media|political discussion|Top2Vec|opinion mining
76,PA_012,Social Media I,E,15:30,656,Matija Franklin,Blame attribution in human-AI and human-only systems: Crowdsourcing judgments from Twitter,Matija Franklin|Trisevgeni Papakonstantinou|Tianshu Chen|Carlos Fernandez-Basso|David Lagnado,Blame|Attribution|Artificial Intelligence|Twitter
77,PA_012,Social Media I,E,15:45,192,Nir Grinberg,Supersharers of Fake News on Twitter,Sahar Baribi-Bartov|Briony Swire-Thompson|Nir Grinberg,Fake news|social media|twitter|misinformation|supersharers
78,PA_013,Studies on Wikipedia,F,14:30,80,Tiziano Piccardi,Temporal Rhythms of Information Consumption on Wikipedia,Tiziano Piccardi|Martin Gerlach|Robert West,Wikipedia|Logs Analysis|Information seeking|Readers behavior|Daily Rhythms
79,PA_013,Studies on Wikipedia,F,14:45,373,Akira Matsui,Computational Framework of AST Model Reveals Mechanism of Knowledge Accumulation,Akira Matsui|Emilio Ferrara,Knowledge production|AST model|coordination|empirical analysis|Wikipedia
80,PA_013,Studies on Wikipedia,F,15:00,908,Patrick Gildersleve,"depths of wikipedia: Understanding cross-platform online attention, content creation, and success",Patrick Gildersleve,Collective attention|Wikipedia|Online navigation|Cross-platform|Novelty
81,PA_013,Studies on Wikipedia,F,15:15,187,Akhil Arora,Orphan articles: The dark matter of Wikipedia,Akhil Arora|Martin Gerlach|Robert West,Wikipedia|knowledge gaps|multilinguality|visibility|quasi-experiment|network optimization|link recommendation
82,PA_013,Studies on Wikipedia,F,15:30,173,Ivan Smirnov,Toxic comments reduce activity of volunteer editors on Wikipedia,Ivan Smirnov|Camelia Oprea|Markus Strohmaier,Wikipedia|toxicity|harassment|Wikipedia editors|text analysis
83,PA_013,Studies on Wikipedia,F,15:45,901,Veniamin Veselovsky,The Webonization of Wikipedia: Characterizing Wikipedia Linking Across the Web,Veniamin Veselovsky|Akhil Arora|Tiziano Piccardi|Ashton Anderson|Robert West,Wikipedia|World Wide Web|Wikipedia's Web presence|Linking patterns|Common Crawl
84,PA_014,Information and communication,G,14:30,51,Chia-Jung Tsai,The interplay between refugee inflows and media coverage in determining attitudes towards immigrants in Germany,Chia-Jung Tsai|Robert Gordon Rinderknecht|Emilio Zagheni,anti-immigrant|refugee influx|media salience
85,PA_014,Information and communication,G,14:45,147,Ana Macanovic,Governing through Gossip: The Role of Informal Communication in the Presence of Reputation Systems in Online Markets,Ana Macanovic|Wojtek Przepiorka|Vincent Buskens,trust|cooperation|gossip|text mining|big data
86,PA_014,Information and communication,G,15:00,430,Felix Victor M√ºnch,‚ÄúI Really Thought I Would Use More Than Just Google‚Äù ‚Äì Developing and Testing a Browsing History Donation Approach With Journalists,Lisa Merten|Maren Schuster|Felix Victor Münch,data donations|journalism research|platform centralization|information systems|mixed methods
87,PA_014,Information and communication,G,15:15,914,"Jean Philippe Cointet, Aymeric Luneau",Modeling the cycles of attention of a social problem - the case of pesticide use in France,Aymeric Luneau|Jean-Philippe Cointet,Controversy mapping|Text Analysis|Network Analysis|Frame Analysis
88,PA_014,Information and communication,G,15:30,157,Ralph Schroeder,"One Image, Two Mirrors: Mapping Chinese Populist Ultranationalism on Weibo and Twitter",Yuan Zhang|Pu Yan|Ralph Schroeder,Populism|Ultra-nationalism|Natural Language Processing|Weibo|Twitter
89,PA_014,Information and communication,G,15:45,310,Akira Matsui,Exploring Urban-Rural Disparities in the Production of Politicians' Information,Akira Matsui|Kunihiro Miyazaki|Taichi Murayama,
90,PA_015,Misinformation,H,14:30,301,Juniper Lovato,Diverse Misinformation: Impacts of Human Biases on Detection of Deepfakes on Networks,Juniper L Lovato|Laurent Hebert-Dufresne|Jonathan St-Onge|Randall Harp|Gabriela Salazar Lopez|Sean P. Rogers|Ijaz Ul Haq|Jeremiah Onaolapo,Privacy|Misinformation|Deepfakes|Social Networks|Survey study|Survey study
91,PA_015,Misinformation,H,14:45,404,Kateryna Kasianenko,Assembling coordinated patterns in the study of dis/misinformation campaigns,Guangnan Zhu|Kateryna Kasianenko|Shima Saniei|Uttama Barua|George Gyamfi,Disinformation|Coordinated Activity|Social Network|Social Media|COVID-19
92,PA_015,Misinformation,H,15:00,524,Segun Aroyehun,From alternative conceptions of honesty to alternative facts in communications by U.S. politicians,Jana Lasser|Segun Aroyehun|Fabio Carella|Almog Simchon|David Garcia|Stephan Lewandowsky,misinformation|political communication|populism|social media|text analysis
93,PA_015,Misinformation,H,15:15,814,Ruth Elisabeth Appel,Partisan conflict over content moderation is more than disagreement about facts,Ruth Elisabeth Appel|Jennifer Pan|Margaret Roberts,social media|partisanship|censorship|content moderation|misinformation
94,PA_015,Misinformation,H,15:30,859,Bao Tran Truong,Vulnerabilities of the Online Public Square to Manipulation,Bao Tran Truong|Xiaodan Lou|Alessandro Flammini|Filippo Menczer,social media|agent-based simulation|misinformation|platform policy|moderation
95,PA_015,Misinformation,H,15:45,36,Jason Coronel,Predicting when information will be remembered: A machine learning and eye-tracking approach to the study of misinformation,Jason C. Coronel|Matthew Donald Sweitzer|Shannon Poulsen,misinformation|memory|eye tracking|machine learning|prediction
96,PA_10,Mobility and Urban Data Science III,A,11:00,770,Sebastiano Bontorin,Mixing Individual and Collective Behaviours in Mobility Models,Sebastiano Bontorin|Bruno Lepri|Riccardo Gallotti|Luca Pappalardo|Manlio De Domenico|Massimiliano Luca,Human Mobility|Human Behavior|Urban Systems|Novel Location Prediction|Mobility Networks
97,PA_10,Mobility and Urban Data Science III,A,11:15,482,Babak Heydari,Mobility Networks and Pandemic Analytics: How much can we gain by using complex network models?,Qingtao Cao|Babak Heydari,Complex Networks|Geospatial Modeling|Behavioral Response|Mobility Data|Pandemic Modeling
98,PA_10,Mobility and Urban Data Science III,A,11:30,611,Giovanni Mauro,Generating Mobility Networks with Generative Adversarial Networks,Giovanni Mauro|Massimiliano Luca|Antonio Longa|Bruno Lepri|Luca Pappalardo,Human Mobility|Flow Generation|Mobility Networks|GANs
99,PA_10,Mobility and Urban Data Science III,A,11.45,233,Maddalena Conte,Moving to opportunity through coworker networks,Maddalena Conte,migration|coworker networks|information|labor market segmentation|economic geography
100,PA_10,Mobility and Urban Data Science III,A,12:00,135,Nail Bashan,Network analysis reveals fare-free shared bike system improves community integration in Boston,Nail Furkan Bashan|Qi Wang,
101,PA_10,Mobility and Urban Data Science III,A,12:15,731,Kishore Vasan,Nature of individual exploration in blockchain-governed virtual environments,Kishore Vasan,metaverse|NFT|mobility|human behavior|network
102,PA_11,Social media II,B,11:00,41,Gianmarco De Francisci Morales,The Language of Opinion Change on Social Media under the Lens of Communicative Action,Corrado Monti|Luca Maria Aiello|Gianmarco De Francisci Morales|Francesco Bonchi,Opinion Change|Habermas|Reddit|Communicative Action|NLP
103,PA_11,Social media II,B,11:15,268,Subhayan Mukerjee,Metrics at Work: How Social Media Metrics Shape News Production on Facebook,Subhayan Mukerjee|Tian Yang|Yilang Peng,social media|time series|panel data analysis|topic modeling|Facebook
104,PA_11,Social media II,B,11:30,336,Magie Cheng,Managing Influencer-Brand Collaboration: Empirical Analysis of Social Media Influencers,Mengjie Cheng|Shunyuan Zhang,video analytics|computational social science|influencer marketing|reputation|user generated content
105,PA_11,Social media II,B,11.45,342,Makoto Mizuno,Do People Signal Their Socioeconomic Status on Social Media?‚ÄîAn Analysis of ‚ÄúConspicuous Tweeting‚Äù by Machine Learning,Makoto Mizuno|Hiroki Takikawa,Socioeconomic Status|Cultural Capital|Tweets|Social Media|Signaling
106,PA_11,Social media II,B,12:00,462,Tina Law,Controversial Events and Legislator (Non)responsiveness in the Age of Multimedia Online Platforms,Tina Law|Em Bello-Pardo|Natalie McDaniel Gallagher,political communication|social media|text analysis|sentiment analysis|causal inference
107,PA_11,Social media II,B,12:15,279,J√∫lia Sz√°mely,Determinants of Willingness to Donate Data from Social Media Platforms,Zoltan Kmetty|Adam Stefkovics|Julia Szamely|Dongning Deng|Kellner Aniko|Edit Paulo|Elisa Omodei|Julia Koltai,data donation|DDP|vignette experiments|digital trace data|linking survey data
108,PA_12,Economic complexity and game theory,C,11:00,290,James Michelson,Incentive-Compatible Sampling Estimators,James Michelson,surveys|sampling|game theory|mechanism design|Horvitz–Thompson estimator
109,PA_12,Economic complexity and game theory,C,11:15,622,Miruna Cotet,Dynamics of Bargaining,Miruna Cotet|Wenjia Zhao|Ian Krajbich,bargaining|response times|sequential sampling models|game theory|drift diffusion model
110,PA_12,Economic complexity and game theory,C,11:30,514,Seongwoon Kim,Labor Space : A spatial representation of the labor market.,Seongwoon Kim|Jaehyuk Park|Sonja Walter,Labor Space|Labor Market|Word Embedding|Computational Economics
111,PA_12,Economic complexity and game theory,C,11.45,142,Hardik Rajpal,Quantifying the technological foundations of economic complexity,Hardik Rajpal|Omar Guerrero,Economic complexity|Synergy|Information theory|Innovation|Resilience
112,PA_12,Economic complexity and game theory,C,12:00,472,Edward Lee,Costs of information for firms,Edward Lee|Alan Paul Kwan|Anjali Bhatt|Rudolf Hanel|Frank Neffke,information|costs|scaling|reading|firms
113,PA_12,Economic complexity and game theory,C,12:15,125,Hirokazu Shirado,Extinction of reciprocity in a semi-automated driving coordination experiment,Hirokazu Shirado|Shunichi Kasahara|Nicholas A Christakis,experiments|social coordination|reciprocity|semi-automation|human agency
114,PA_13,NLP and society I,D,11:00,138,Shreya Havaldar,Measuring Regional Variation in Culture Through Embedding-Based Lexica,Shreya Havaldar|Salvatore Giorgi|Thomas Talhelm|Sharath Chandra Guntuku|Lyle Ungar,NLP|Culture|Word Embeddings|Regional Variance|Twitter
115,PA_13,NLP and society I,D,11:15,437,James Young,Strong Winds and Active Volcanoes: Unsupervised Methods for Linguistic Analysis of the Weather,James Calum Young|Hywel T.P. Williams|Rudy Arthur,Sentiment Analysis|NLP|Extreme Weather|Social Media|Social Sensing
116,PA_13,NLP and society I,D,11:30,214,Camille Landesvatter,Open-Ended Survey Questions: A comparison of information content in text and audio response formats,Camille Landesvatter|Paul C. Bauer,open-ended survey questions|speech-to-text|topic models|word embeddings|response entropy
117,PA_13,NLP and society I,D,11.45,478,Hang Jiang,PersonaLLM: Investigating the Ability of GPT-3 to Express Personality Traits and Gender Differences,Hang Jiang|Xiajie Zhang|Xubo Cao|Jad Kabbara,Large Language Models|Chatbot|Personality|Psycholinguistics|Agent-based Model
118,PA_13,NLP and society I,D,12:00,584,Lucio La Cava,Get Out of the Nest! The Infodemic of the #TwitterMigration,Lucio La Cava|Andrea Tagarelli|Luca Maria Aiello,Mastodon|Twitter|migration|social influence|DOSNs
119,PA_13,NLP and society I,D,12:15,780,Sanja Scepanovic,Topics of Our Dreams,Anubhab Das|Sanja Scepanovic|Luca Maria Aiello,dream analysis|NLP|content analysis|social media analysis|COVID-19
120,PA_14,Teams and knowledge,E,11:00,308,Xinlan Emily Hu,Tasks Beyond Taxonomies: A Multidimensional Embedding Space of Team Tasks,Xinlan Emily Hu|Linnea Gandhi|Mark E Whiting|Abdullah Almaatouq|Duncan J. Watts,teams|groups|tasks|experimental design|generalizability
121,PA_14,Teams and knowledge,E,11:15,508,Lillio Mok,Challenging but Connective: Large-Scale Characteristics of Cross Time Zone Meetings,Lillio Mok|Lu Sun|Shilad Sen|Bahareh Sarrafzadeh,Collaboration|remote work|time zones|connectivity|organizational science
122,PA_14,Teams and knowledge,E,11:30,824,James Houghton,High-throughput experiments in small-group deliberation,James P Houghton|Duncan J Watts,Virtual-lab|High-throughput Experiments|Deliberation|Small Groups
123,PA_14,Teams and knowledge,E,11.45,423,Yuzuki Takahashi,Emergent patterns of intra-team relationships and their impact on team performance: an analysis of teamwork for idea generation,Yuzuki Takahashi|Hayato Misumi|Mikiko Shimaoka|Tomomi Kito,teamwork|idea-generation|emergence|leadership|conversation analysis
124,PA_14,Teams and knowledge,E,12:00,755,Tzu-Chi Yen,Aspiration of prestige in the selection of peer institutions,Tzu-Chi Yen|Kate L. Wootton|Aaron Clauset|Daniel Larremore,status maintenance|signaling|meritocracy|stratified models|network analysis
125,PA_14,Teams and knowledge,E,12:15,918,Ezequiel Lopez Lopez,How do people navigate their ideas during problem scoping of open-ended ill-defined problems? A knowledge graph-based approach,Ezequiel Lopez-Lopez|Stefan M. Herzog,knowledge exploration|problem scoping|open-ended problems|ill-defined problems|knowledge graphs
126,PA_15,Methods and theory,F,11:00,743,Frederik Andersen,Confirmation trees: a simple strategy for producing hybrid intelligence,Frederik Andersen|Pantelis P. Analytis|Diana Verdes|Kristian Peter Lorenzen|Julian Berger|Ralf Kurvers,hybrid intelligence|neural networks|decision trees|collective intelligence|medical decision-making
127,PA_15,Methods and theory,F,11:15,629,Elias Najarro,"``Let them learn"": an ABM framework with adaptable agents",Elias Najarro|Claire Glanois|Louisa Jane Di Felice|Djordje Grbic,agent-based model|multi-agent reinforcement learning|complex systems|multi-party systems|energy networks
128,PA_15,Methods and theory,F,11:30,714,Meysam Alizadeh,Comparing Methods of Creating a Random Sample of Twitter Users from a Country,Meysam Alizadeh|Darya Zare|Mohammadhadi Aliahmadi|Mael Kubli|Sarvenaz Ebrahimi|Fabrizio Gilardi,Twitter|Sampling|Data Quality|Nationally Representative|Twitter API
129,PA_15,Methods and theory,F,11.45,642,Jaime Perez Sanchez,Causality Guiding Survey Analysis: A Use Case on Cyberbullying,Jaime Pérez|Edmond Awad|Gregorio López|Mario Castro,Causality|DAG|Bayesian Statistics|Cyberbullying|Adolescents
130,PA_15,Methods and theory,F,12:00,613,Daniel Valdenegro,"NRobust: A multiversal library with model selection, averaging, and out-of-sample analysis",Daniel Valdenegro|Charles Rahal,Multiverse|Specification-Curves|Robustness|Reproducibility|Selection and Averaging
131,PA_15,Methods and theory,F,12:15,687,Joel Suss,Estimating sub-national wealth inequality in the US using ensemble learning,Joel Harrison Suss,Ensemble methods|machine learning|geography|economic inequality|wealth
132,PA_16,Health,G,11:00,798,Sanja Scepanovic,The Online Medical Taxonomy,Sanja Scepanovic|Luca Maria Aiello|Ke Zhou|Daniele Quercia,NLP|social media analysis|health discussions|online medical taxonomy
133,PA_16,Health,G,11:15,94,"Wanqi Hu, Xinran Wang",Trend of Depression in Online Mutual Help Group for Major Depressive Disorder by a Two-step NLP Method,Wanqi Hu|Xinran Wang,Major depressive disorder|Mutual help group|BiLSTM|Dictionary method|Chinese
134,PA_16,Health,G,11:30,596,Yunhao Yuan,Does Papageno Effect Occur on Social Media?,Yunhao Yuan|Koustuv Saha|Barbara Keller|Erkki Tapio Isometsä|Talayeh Aledavood,social media|mental health|suicidal ideation|causal inference|Papageno effect
135,PA_16,Health,G,11.45,757,Artem Kuriksha,Interventions and Illegal Drug Use: Evidence from a Darknet Marketplace,Artem Kuriksha|Priyanka Goonetilleke|Anastasia Karpova|Peter Meylakhs,illicit drugs|public health|dark web marketplaces|demand estimation|crime
136,PA_16,Health,G,12:00,922,Sebasti√°n Mildiner Moraga,Classics never die: a novel multilevel hidden Markov model to uncover mood states in patients with bipolar disorder,Sebastian Mildiner Moraga|Fionneke M Bos|Bennard Doornbos|Richard Bruggeman|Lian van der Krieke|Evelien Snippe|Emmeke Aarts,Bayesian statistics|hidden Markov model|dynamics of behaviour|interpretable machine learning|bipolar disorder
137,PA_16,Health,G,12:15,574,Elizaveta Sivak,Establishing Prediction Benchmarks of Fertility Outcomes for 12 European Countries,Elizaveta Sivak|Malvina Nissim|Gert Stulp,benchmarking|fertility|machine learning|predictability of life outcomes|prediction in social sciences
138,PA_17,Science of Science I,H,11:00,134,Onur Varol,Academic Support Network Reflects Doctoral Experience and Productivity,Ozgur Can Seckin|Onur Varol,science of science|network science|text mining|scientific careers
139,PA_17,Science of Science I,H,11:15,821,Satyaki Sikdar,The COVID-19 research outbreak: how the pandemic culminated in a surge of new researchers,Sara Venturini|Satyaki Sikdar|Marie-Laure Charpignon|Sagar Kumar|Francesco Rinaldi|Francesco Tudisco|Santo Fortunato|Maimuna S Majumder,COVID-19|pandemic|science of science|newcomers|team dynamics
140,PA_17,Science of Science I,H,11:30,517,Sandro Sousa,The impact of COVID-19 on scientific productivity and collaboration,Sandro Ferreira Sousa|Roberta Sinatra|Michael Szell|Yanmeng Xing,Scientific productivity|scientific collaboration|gender inequality|COVID-19|science of science
141,PA_17,Science of Science I,H,11.45,840,Minsu Park,Interdisciplinary Papers Supported by Disciplinary Grants Garner Deep and Broad Scientific Impact,Minsu Park|Suman Maity|Stefan Wuchty|Dashun Wang,Science of Science|Interdisciplinary Research|Grant-Paper Linkage|Research Impact|Measurement Framework
142,PA_17,Science of Science I,H,12:00,708,Jan Bachmann,Gender Disparities in Brokerage of Scientific Collaboration,Jan Bachmann|Lisette Espin-Noboa|Gerardo Iñiguez|Fariba Karimi,gender inequalities|brokerage|triadic closure|temporal motifs|scientific collaboration
143,PA_17,Science of Science I,H,12:15,696,Claudia Acciai,Gendered trajectories in (early-career) international research mobility: mobility prospects and career impact,Claudia Acciai|Benjamin C Holding|Mathias Wullum Nielsen|Jesper Wiborg Schneider,Research Mobility|Gender Gap|Bibliometric Data|Research Careers|Stratification in Science
144,PA_18,Mobility and Urban Data science IV,A,14:30,667,Emilio Zagheni - Max Planck Institute For Demographic Research,Characterizing High-Skilled Mobility Patterns in Europe via LinkedIn,Daniela Perrotta|Tom Theile|Carlos Callejo Penalba|Kiran Garimella|Ingmar Weber|Emilio Zagheni,
145,PA_18,Mobility and Urban Data science IV,A,14:45,631,Lavinia Rossi Mori,Social-economic segregation dynamics at neighborhoods scale,Lavinia Rossi Mori|Vittorio Loreto|Riccardo Di Clemente,Mobility|GPS|Income Segregation|Social Mixing|Urban Planning
146,PA_18,Mobility and Urban Data science IV,A,15:00,306,Erick Elejalde,Chile's Internal Migration Dynamics during the COVID-19 Pandemic,Erick Elejalde|Victor Navarro|Loreto Bravo|Emilio Zagheni|Leo Ferres,internal migration|mobile data|COVID-19 pandemic|human mobility|migration dynamics
147,PA_18,Mobility and Urban Data science IV,A,15:15,904,Jorge Barreras,Comparing Methodologies for Constructing Epidemic Networks from GPS Mobility Data,Francisco Barreras|Bethany Hsiao|Duncan J Watts,GPS data|normalization|imputation|epidemic modeling|human mobility
148,PA_18,Mobility and Urban Data science IV,A,15:30,362,Nandini Iyer,Mobility and Transit Segregation in Urban Spaces.,Nandini Iyer|Ronaldo Menezes|Hugo Barbosa,Human Mobility|Transit Networks|Segregation|Socioeconomic Inequality|Transport Poverty
149,PA_18,Mobility and Urban Data science IV,A,15:45,415,Yuan Liao,Exploring urban income segregation with big geolocation data on human mobility,Yuan Liao|Jorge Gil|Sonia Yeh|Laura Maria Alessandretti,mobile phone geolocations|income and ethnic segregation|mobility patterns
150,PA_19,Social Media,B,14:30,903,Veniamin Veselovsky,Assessing the Impacts of COVID-19 on Reddit,Veniamin Veselovsky|Ashton Anderson,COVID-19|online communities|social platform change|language evolution|Reddit
151,PA_19,Social Media,B,14:45,571,Rupert Kiddle,Leaves in the wind: identifying passivity in individual news selections via digital trace data,Rupert Tibor Kiddle|Anne Kroon|Kasper Welbers|Damian Trilling,News Consumption|Recommenders|Social Media|User Agency|Digital Traces
152,PA_19,Social Media,B,15:00,683,Satoshi Tohda,How Faithful are Social Media Posts in Representing News Articles?,Satoshi Tohda|Naoki Yoshinaga|Masashi Toyoda,Social Media|Fact-Checking|Rumour Detection|Twitter|COVID-19
153,PA_19,Social Media,B,15:15,697,Regina Widjaya,The alternative social media site ecosystem,Regina Widjaya|Galen Stocking|Aaron Smith,social media|alt-right|misinformation|free speech|closed data ecosystem
154,PA_19,Social Media,B,15:30,65,Amin Mekacher,The Cross-platform Consequences of Deplatforming on Social Media,Amin Mekacher|Max Falkenberg|Andrea Baronchelli,Social media|deplatforming|cross-platform|toxicity|polarization
155,PA_19,Social Media,B,15:45,535,Giuseppe Russo,Understanding Online Migration Decisions Following the Banning of Radical Communities,Giuseppe Russo|Manoel Horta Ribeiro|Giona Casiraghi|Luca Verginer,deplatforming|online communities|Reddit|observational studies|migration
156,PA_110,Economic complexity,C,14:30,154,Edmond Awad,Mapping charitable giving preferences from 3 million decisions worldwide,Edmond Awad|Indrajeet Patil|Erez Yoeli|Iyad Rahwan|Zoe K. Rahwan,charitable giving|heterogeneity|serious game|cross-cultural|research methods
157,PA_110,Economic complexity,C,14:45,216,Elohim Fonseca Dos Reis,Complex dynamics of buyers and sellers in dark web markets,Elohim Fonseca dos Reis|Alex Teytelboym|Abeer ElBahrawy|Andrea Baronchelli,Social Dynamics|Cybercrime|Dark Web|Temporal Network|Resilience
158,PA_110,Economic complexity,C,15:00,528,Ella Clement,Winner-takes-all job markets: A network approach,Ella Clement,
159,PA_110,Economic complexity,C,15:15,442,Kathyrn Fair,Birds of a feather: A method for detecting suspicious clusters of companies in the UK,Alejandro Beltran|Kathyrn R Fair,firm ownership networks|shell companies|community detection|machine learning|network analysis
160,PA_110,Economic complexity,C,15:30,889,Sebastian Steffen,"Innovation, Adoption, and the Life Cycles of Technical Skills",Sebastian Steffen,Skills|Innovation|Technological Change|Open Source|Human Capital
161,PA_110,Economic complexity,C,15:45,460,Nikolitsa Grigoropoulou,Are Large-Scale Data from Private Companies Reliable?  An Analysis of Location Data on Financial Establishments in a Popular Dataset,Nikolitsa Grigoropoulou|Mario L. Small,large-scale data|data quality|classification|reliability|algorithms
162,PA_111,NLP and society II,D,14:30,829,Junsol Kim,Predicting Public Opinions through the Integration of Large Language Models and Nationally Representative Surveys,Junsol Kim|Byungkyu Lee,public opinion|social survey|large language model|artificial intelligence|machine learning
163,PA_111,NLP and society II,D,14:45,924,Erkan Gunes,Zero-Shot Multiclass Classification of Policy Documents with Large Language Models,Erkan Gunes|Christoffer Koch Florczak,Large Language Models|Policy Agendas|Text Classification|Natural Language Processing|Public Policy
164,PA_111,NLP and society II,D,15:00,469,Sonja Schmer-Galunder,Fostering Online Civil Sanctuaries with Theory-Informed Automated Content Moderation,Vasanth Sarathy|Sonja M. Schmer-Galunder|Dan Thomsen|Laurel Bobrow|Richard Freedman,interactive journalistic moderation|promoting prosociality|moral disengagement|large language models|sensor fusion
165,PA_111,NLP and society II,D,15:15,544,Sanja Scepanovic,Positive Stress in Companies,Sanja Scepanovic|Marios Constantinides|Daniele Quercia,positive stress|company culture|NLP|online reviews|social media analysis
166,PA_111,NLP and society II,D,15:30,368,Zachary Pangan,100-Bot Convo: Social Media Simulation Using a Pre-Trained Language Model-Based \Agent Network,Zachary Pangan|Eiji Aramaki|Shoko Wakamiya|Kongmeng Liew|Shuntaro Yada|Wan Jou She,discourse simulation|generative pre-trained language models|natural language generation|agent-based simulation|information diffusion
167,PA_111,NLP and society II,D,15:45,120,Alessandro Gambetti,AI Crowdturfing on Yelp: Identifying Patterns in Machine-Generated Fake Reviews,Alessandro Gambetti|Qiwei Han,AI-generated Content|Fake Review Detection|GPT|Social Media|Natural Language Processing
168,PA_112,Experiments,E,14:30,63,Jason Burton,Public Perceptions of Social Media Field Experiments,Vincent Straub|Jason Burton|Michael Geers,field experiments|social media|ethics|research methods|survey
169,PA_112,Experiments,E,14:45,97,Hao Cui,Competition for popularity and interventions on a Chinese microblogging site,Hao Cui|János Kertész,social media|public attention|popularity dynamics|rank dynamics|interventions
170,PA_112,Experiments,E,15:00,865,Jia Lin Cheoh,Does Form follow Function? Modeling the Dynamics of Design Exploration in Web Design with a GAM,Jia Lin Cheoh|Sabine Brunswicker,exploration|visual versus functional search|design evolution|computer graphics
171,PA_112,Experiments,E,15:15,504,Hammaad Adam,Should I Stop or Should I Go: Early Stopping with Heterogeneous Populations,Hammaad Adam|Fan Yin|Mary Hu|Neil A. Tenenholtz|Lorin Crawford|Lester Mackey|Allison Koenecke,causal inference|randomized experiments|algorithmic fairness|heterogeneous treatment effects|ethics
172,PA_112,Experiments,E,15:30,805,Homa Hosseinmardi,Disentangling algorithms and user preferences with counterfactual bots,Homa Hosseinmardi|Amir Ghasemian|Miguel Rivera-Lanas|Manoel Ribeiro|Robert West|Duncan Watts,recommendation algorithm|user preference|socio-technical systems|randomized experiments
173,PA_112,Experiments,E,15:45,721,Martin Hilbert,Digital Immunity: human consciousness as shield for A.I. harms,Martin Hilbert|Arti Thakur|Angelita Repetto,integrated human-machine decision-making|integrative modeling|large-scale social experiments|reproducibility|downsides of social media
174,PA_113,Social Media and Networks I,F,14:30,509,Akira Hashimoto,Investigating the Effectiveness \\of Using Ego-Network Structures for Identifying Influencers on Social Media,Akira Hashimoto|Sho Tsugawa|Keiichiro Tsukamoto|Shintaro Igari,social network analysis|influencer|ego network|graph neural networks|machine learning
175,PA_113,Social Media and Networks I,F,14:45,382,Anne Cathrine Linder,The global network of cultural ecosystem services estimated from social media posts reveals increased focus on urban greenspace and self-care during the COVID-19 pandemic,Anne Cathrine Linder|David Lusseau,computational human ecology|large-scale social phenomena|computational methods to study cultural dynamics|human-nature interactions|cultural ecosystem services
176,PA_113,Social Media and Networks I,F,15:00,758,Diogo Pacheco,What is (still) going on in Brazil? A Political Tale from Tweets,diogo pacheco,Brazilian Elections|Bots|Twitter|Political Networks|Polarization
177,PA_113,Social Media and Networks I,F,15:15,164,Jonas Alexander Havstein Eriksen,Assessing information flows from think tanks and interest groups to politicians,Jonas Havstein Eriksen|Christoffer Koch Florczak,Information|politician|non-state actor|sentence-BERT|social network analysis.
178,PA_113,Social Media and Networks I,F,15:30,277,Valentina Semenova,Reddit's self-organised bull runs: Social contagion and asset prices,Valentina Semenova|Julian Winkler,Networks|Finance|Natural language processing|Causal inference for social science|Social media data
179,PA_113,Social Media and Networks I,F,15:45,748,Nicholas Buttrick,‚ÄòDy/Normic‚Äô Webs of Belief,Nick Buttrick|Mark E Whiting,belief networks|survey experiment|polarization|belief change|network modeling
180,PA_114,Politics,G,14:30,534,Giuseppe Russo,Helping a Friend or Supporting a Cause? Disentangling Active and Passive Cosponsorship Decisions in the U.S. Congress,Giuseppe Russo|Christoph Benedikt Gote|Laurence Brandenberger|Sophia Johanna Schlosser|Frank Schweitzer,politics|cosponsoring|natural language processing|graph-embeddings
181,PA_114,Politics,G,14:45,22,Aaron Schein,Escalatory Dynamics in International Relations,Niklas Stoehr|Benjamin J Radford|Ryan Cotterell|Aaron Schein,Latent Variable Models|International Relations|Bayesian Time Series|Ordinal Measurement|Political Event Data
182,PA_114,Politics,G,15:00,772,R√©mi Perrier,Real time study of the political opinion using massive data,Rémi Perrier|Laura Hernandez|Mariano Gastón Beiró|José Ignacio Alvarez-Hamelin|Dimitris Kotzinos,Social media|data based opinion dynamics|semantic networks|real time community tracking|memory effects in Twitter
183,PA_114,Politics,G,15:15,841,Kayla Duskin,Midterm Candidate Participation in False and Misleading Election Discourse on Twitter,Kayla Duskin|Kristen Engel|Emma Spiro,twitter|user behavior|elections|rumoring|misinformation
184,PA_114,Politics,G,15:30,522,Victoria Yantseva,The dissemination of alternative media content in right-leaning online communities,Victoria Yantseva|Davide Vega|Matteo Magnani,alternative media|online conversations|social media|stance classification|online communication
185,PA_114,Politics,G,15:45,718,Felix Schmidt,Facing the Voters - Individual and Institutional Determinants of Personalization in Social Media Images,Dylan Paltra|Felix Schmidt|Marius Sältzer|Lena Masch,Personalization|Images as Data|Facial Recognition|Politics|Social Media
186,PA_115,Science of science II,H,14:30,76,Fengyuan Liu,"Non-White scientists appear on fewer editorial boards, spend more time under review, and receive fewer citations",Fengyuan Michael Liu|Talal Rahwan|Bedoor Alshebli,science of science|race|inequality|peer review|acceptance delay
187,PA_115,Science of science II,H,14:45,377,Fontaine Sylvain,A pattern of diffusion of artificial intelligence in science: the development of an AI scientific specialty in neuroscience,Sylvain Fontaine|Floriana Gargiulo|Michel Dubois|Paola Tubaro,Science of science|scientometrics|Artificial Intelligence|knowledge diffusion|technological specialization
188,PA_115,Science of science II,H,15:00,592,Jose Cordova,Signature Trajectories in the Multiplatform Diffusion of Science,Jose Miguel Cordova|Emoke-Agnes Horvat|Daniel Romero,Science of Science|Science on the Web|Multiplatform Diffusion|Science Communication|Science Diffusion.
189,PA_115,Science of science II,H,15:15,105,Aliakbar Akbaritabar,A global bibliometric perspective on the social structure of science,Aliakbar Akbaritabar|Andres F. Castro Torres|Vincent Lariviere|Cassidy R. Sugimoto,bibliometric data|research productivity|scientific collaboration|scientific mobility|scholarly impact and citations
190,PA_115,Science of science II,H,15:30,576,Erin Walk,Scholarly migration and collaboration worldwide: A word embedding representation,Erin Walk|Aliakbar Akbaritabar,Migration of scholars|Scientific collaboration|Bibliometric data|Word embedding vectors
191,PA_115,Science of science II,H,15:45,807,Sam Zhang,Changes in variance and the canonical faculty productivity trajectory,Sam Zhang|Nicholas LaBerge|Daniel Larremore|Aaron Clauset,scholarly productivity|science careers|academic workforce
192,PA_20,Social good and ethics,A,11:00,604,Kyriaki Kalimeri,Fairness in Vulnerable Attribute Prediction on Social Media,Mariano Gaston Beiro|Kyriaki Kalimeri,fairness|data for good|policy making|vulnerable populations
193,PA_20,Social good and ethics,A,11:15,298,Spencer Poodiack Parsons,The Benefits of Bias? A Rational Choice Informed Agent-Based Model on Algorithmic Technology in the Public Sector,Spencer Poodiack Parsons,Agent-Based Modeling|Artificial Intelligence|Machine Learning|Predictive Policing|Algorithmic Bias
194,PA_20,Social good and ethics,A,11:30,100,Brennan Klein,COVID-19 amplified racial disparities in the U.S.~criminal legal system,Brennan Klein,U.S. criminal legal system|decarceration|COVID-19|racism|data collection
195,PA_20,Social good and ethics,A,11.45,148,Elisa Omodei,Machine learning can guide food security efforts when primary data are not available,Elisa Omodei,food insecurity|SDGs|non-traditional data|machine learning|forecasting
196,PA_20,Social good and ethics,A,12:00,108,Tobias Werner,Algorithmic and Human Collusion,Tobias Felix Werner,AI|Collusion|Experiment|Markets|Human–Machine Interaction
197,PA_20,Social good and ethics,A,12:15,99,Nils K√∂bis,Ethical Risks of Algorithmic Delegation,Nils Christopher Köbis|Iyad Rahwan|Zoe Rahwan|Tamer Ajaj|Clara Bersch,Machine Behavior|AI delegation|AI ethics|algorithmic collusion|behavioral ethics
198,PA_21,Machine learning and AI,B,11:00,375,Eric Dignum,Empirical calibration of full scale agent-based models of school choice: computational challenges and model validation,Eric Dignum,Agent-based modeling|likelihood-free inference|simulation-based inference|empirical calibration|school segregation
199,PA_21,Machine learning and AI,B,11:15,490,Quinn Lanners,Matching Using Feature Importance: An Auditable Approach to Causal Inference,Quinn Lanners|Harsh Parikh|Cynthia Rudin|Alexander Volfovsky|David Page,Causal Inference|Matching|LASSO|Nearest Neighbors|Distance Metric
200,PA_21,Machine learning and AI,B,11:30,666,Amy Smith,Social Language Strategies of User Prompting for `Text-to-Image' Generative Deep Learning Models,Amy Smith|Hope Schroeder|Ziv Epstein|Michael Cook|Simon Colton|Andrew Lippman,culture and art|artificial intelligence|language|social media
201,PA_21,Machine learning and AI,B,11.45,526,Joachim Baumann,Closing the Loop: Feedback Loops and Biases in Automated Decision-Making,Nicolò Pagan|Joachim Baumann|Ezzat Elokda|Giulia De Pasquale|Saverio Bolognani|Anikó Hannák,feedback loops|bias|machine learning|dynamical systems theory|sequential decision-making
202,PA_21,Machine learning and AI,B,12:00,345,Marlene Lutz,SensePOLAR: Word sense aware interpretability for pre-trained contextual word embeddings,Jan Engler|Sandipan Sikdar|Marlene Lutz|Markus Strohmaier,interpretability|contextual word embeddings|pre-trained language model|semantic differential|explainable AI
203,PA_21,Machine learning and AI,B,12:15,167,Maria Sahakyan,Explainable Artificial Intelligence as a Generic Data Analysis Tool,Maria Sahakyan|Bedoor AlShebli|Talal Rahwan,Explainable AI|Data science|Regression analysis|Clustering|Novel approach
204,PA_22,"Language, linguistics, and society",C,11:00,291,Pietro Alessandro Aluffi,BREAKING NEWS: Psycholinguistic and Behavioural Differences in (Un)-Trustworthy Online News Source Interaction,Pietro Alessandro Aluffi|Léo Meynent|Clemens Stachl,psycholinguistics|online news|behavioural differences|machine learning|online communities
205,PA_22,"Language, linguistics, and society",C,11:15,323,Thomas Louf,Not sticking by the rules: how the use of standard language varies with socio-economic status and social mixing.,Thomas Louf|David Sanchez|Jose Javier Ramasco|Marton Karsai,socio-linguistics|social media|standard language|socio-economic status|assortativity
206,PA_22,"Language, linguistics, and society",C,11:30,182,Tessa Masis,Investigating grammatical variation in African American English on Twitter,Tessa Masis|Chloe Eggleston|Lisa Green|Taylor Jones|Meghan Armstrong|Brendan O'Connor,machine learning|natural language processing|sociolinguistics|language variation|social media
207,PA_22,"Language, linguistics, and society",C,11.45,470,Federico Barrera Lemarchand,Linguistic Complexity Reduces the Perceived Validity of Moral Arguments,Federico Barrera-Lemarchand|Laura Victoria Lescano|Julieta Ruiz|Nuria Caceres|Facundo Carrillo|Mariano Sigman|Joaquín Navajas,Collective decision making|Natural language processing|Moral issues|Linguistic complexity|Large-scale experiments
208,PA_22,"Language, linguistics, and society",C,12:00,916,Mahasweta Chakraborti,Semantic Analysis of Formal Policies and Community Practices in OSS,Mahasweta Chakraborti|Stefan Stanciulescu|Vladimir Filkov|Seth Frey,Governance|OSS|Online Communities|Natural Language Processing|Semantic Embeddings
209,PA_22,"Language, linguistics, and society",C,12:15,424,Dustin Wright,Modeling Information Change in Science Communication with Semantically Matched Paraphrases,Dustin Wright|Jiaxin Pei|David Jurgens|Isabelle Augenstein,science communication|natural language processing|misinformation|fact checking|information retrieval
210,PA_23,Network science I,D,11:00,602,Javier Urena-Carrion,Assortative and preferential attachment lead to core-periphery networks,Javier Ureña Carrion|Fariba Karimi|Gerardo Iñiguez|Mikko Kivelä,Network analysis|network evolution|core-periphery|homophily|preferential attachment
211,PA_23,Network science I,D,11:15,292,Mathieu Genois,Randomized reference models for temporal networks,Christian L Vestergaard|Laetitia Gauvin|Mathieu Génois|Márton Karsai|Mikko Kivelä|Taro Takaguchi|Eugenio Valdano,random network models|temporal networks|data analysis|statistical inference|numerical methods
212,PA_23,Network science I,D,11:30,198,Abdulkadir Celikkanat,Piecewise-Velocity Model for Learning Continuous-time Dynamic Node Representations,Abdulkadir CELIKKANAT|Nikolaos Nakis|Morten Mørup,social networks|link prediction|dynamic networks|embeddings|visualization
213,PA_23,Network science I,D,11.45,765,Damian Serwata,Reaching consensus in temporal network epistemology model,Radosław Michalski|Damian Serwata|Mateusz Nurek|Boleslaw K. Szymanski|Przemyslaw Kazienko|Tao Jia,social networks|temporal networks|opinion dynamics|agent based modeling|social learning
214,PA_23,Network science I,D,12:00,59,Shahar Somin,Node Ranking Dynamics:Non Preferential Patterns,Shahar Somin|Yaniv Altshuler|Alex Pentland|Erez Shmueli,Network Dynamics|Node ranking|Non preferential attachment|Non monotonic dynamics
215,PA_23,Network science I,D,12:15,53,Samin Aref,A Branch-and-Cut Method for Globally Maximizing Modularity and Discovering Network Communities,Samin Aref|Hriday Chheda|Mahdi Mostajabdaveh,Community detection|network science|modularity maximization|integer programming|graph optimization
216,PA_24,ABMs,E,11:00,385,Giovanni Mauro,A Mobility-constrained Segregation Model,Daniele Gambetta|Luca Pappalardo|Giovanni Mauro,Agent Based Models|Segregation|Schelling Model|Human Mobility|Urban Dynamics
217,PA_24,ABMs,E,11:15,270,Roberta Rocca,"Exploring the effect of cognitive diversity, flexibility and interaction on joint semantic search: an agent-based simulation",Roberta Rocca|Kristian Tylén,ABM|social interaction|problem-solving|cognition|semantic search
218,PA_24,ABMs,E,11:30,388,Federico Zimmerman,Political coherence as a driver of interpersonal liking and ideological sorting,Federico Zimmerman|Lucía Pedraza|Pablo Balenzuela|Joaquín Navajas,Political psychology|Large-scale social experiments|Agent-based modelling|Sociopolitical patterns and dynamics|Integration of social data
219,PA_24,ABMs,E,11.45,812,Jonathan Cohen,Exploring urban scenarios that facilitate individual waste sorting in cities: Embedding the Theory of Planned Behavior (TPB) into a spatial Agent-Based model.,JONATHAN COHEN|Jorge Gil|Leonardo Rosado,Theory of planned behavior (TPB)|Agent based model|Waste sorting|Urban areas|Circular economy
220,PA_24,ABMs,E,12:00,585,Gianmarco De Francisci Morales,On Learning Agent-Based Models from Data,Corrado Monti|Marco Pangallo|Francesco Bonchi|Gianmarco De Francisci Morales,agent-based models|machine learning|opinion dynamics|economics
221,PA_24,ABMs,E,12:15,86,Matthew Bone,Agent-based modeling for modular theory comparison,Matthew Bramwell Bone,Agent-based model|social theory|polarization|ideology|identity
222,PA_25,Social media and networks II,F,11:00,109,Yoshi Bird,"Exploring the Use of Twitter Volume, Sentiment, and Content as a Proxy Measure of US Homelessness",Yoshi Meke Bird|Sarah Grobe,homelessness|social media|complex systems|signal detection|sentiment analysis
223,PA_25,Social media and networks II,F,11:15,113,Dilrukshi Gamage Gamage,A Mixed-method Approach to Analyze Deepfake-related discussions on Reddit and Twitter,Dilrukshi Gamage,Deepfakes|BERTopic modeling|Discourse analysis|Reddit|Twitter
224,PA_25,Social media and networks II,F,11:30,32,Francesco Pierri,Behavioral classes of radicalization within the QAnon conspiracy on Twitter,Emily L Wang|Luca Luceri|Francesco Pierri|Emilio Ferrara,Qanon|radicalization|social networks|Twitter
225,PA_25,Social media and networks II,F,11.45,186,Ceren Budak,Cable and Broadcast News Intermedia Agenda Setting Across the COVID-19 Issue Attention Cycle,Ceren Budak|Natalie J. Stroud|Ashley Muddiman|Caroline C. Murray|Yujin Kim,intermedia agenda setting|issue attention cycle|COVID-19|cable and broadcast news
226,PA_25,Social media and networks II,F,12:00,650,Andrew Beers,Two Years of Influence: Tracking Changes in Twitter Influencer Diets in United States Politics,Andrew Beers|Emma Spiro,influencers|attention|clustering|longitudinal|communities
227,PA_25,Social media and networks II,F,12:15,90,Antonio Desiderio,Self-induced consensus formation among Reddit users on the GameStop short squeeze,Antonio Desiderio|Anna Mancini|Riccardo Di Clemente|Giulio Cimini,network science|sentiment analysis|Reddit|opinion dynamics|collective coordination
228,PA_26,Natural experiments and exogenous events I,G,11:00,409,Antonio Desiderio,Recurring patterns within Reddit communities during exogenous events,Antonio Desiderio|Anna Mancini|Giulio Cimini|Riccardo Di Clemente,group behaviour|text analysis|Reddit|network science|collective patterns
229,PA_26,Natural experiments and exogenous events I,G,11:15,243,Wentao Xu,Network-based Approach to User Engagement and Coordination during the Russo-Ukrainian War,Wentao Xu|Bin Wang|Jianxun Chu,Coordination|social bots|the Russo-Ukrainian War|social network|user engagement
230,PA_26,Natural experiments and exogenous events I,G,11:30,255,Anastasiia Menshikova,Terror attacks impact online immigration discourses. Is it due to how people talk or who is talking?,Miriam Hurtado Bodell|Anastasia Menshikova,computational text analysis|seeded topic models|social media|immigration|terrorism
231,PA_26,Natural experiments and exogenous events I,G,11.45,281,Chico Camargo,A Crowdsourced Map of YouTube Recommendations during the Brazilian 2022 Elections,Chico Q Camargo|Ranadheer Malla|Ana Julia Bonzanini Bernardi|Isabela Inês|Rodger Richer|Camila Tsuzuki|Beatrice Bonami,YouTube|network science|crowdsourcing|elections|Brazil
232,PA_26,Natural experiments and exogenous events I,G,12:00,458,Nicol√≤ Alessandro Girardini,Quantifying Changes in Student Behaviors During COVID-19 with Non-negative Matrix Factorization,Nicolò Alessandro Girardini|Simone Centellegher|Andrea Passerini|Ivano Bison|Fausto Giunchiglia|Bruno Lepri,human behavior|behavioral change|diversity|routine modelling|nmf
233,PA_26,Natural experiments and exogenous events I,G,12:15,312,Anastasiia Menshikova,Media attention prior to unexpected events determines their impact on public opinion,Anastasia Menshikova|Christian Czymara|Frank van Tubergen,public opinion|digital trace data|survey data|multi-lingual text corpora|natural experiment
234,PA_27,Science of science III,H,11:00,130,Robert Mahari,Uncovering the universal nature of citation networks: From science of science to law of law and patterns of patents,Sadamori Kojaku|Robert Mahari|Sandro Lera|Esteban Moro|Alex Pentland|Yong-Yeol Ahn,Legal citations|bibliometry|knowledge-systems|collective citation model|science of science
235,PA_27,Science of science III,H,11:15,110,Aliakbar Akbaritabar,Internal and international migration of scholars worldwide,Aliakbar Akbaritabar|Maciej J. Dańko|Emilio Zagheni|Xinyi Zhao,Internal Migration|International Migration|Worldwide|Scholarly mobility|Bibliometric data
236,PA_27,Science of science III,H,11:30,704,Aditi Dutta,Impact of heterogenous terminologies in study of sexism across disciplines,Aditi Dutta|Chico Q Camargo|Susan Banducci,sexism|natural language processing|word embedding|bibliometrics|scientific terminologies
237,PA_27,Science of science III,H,11.45,862,Yurie Iwata,How Science Informs International Policy: a Network Analysis,Yurie Iwata|Ichiro Sakata|Kimitaka Asatani|Takahiro Miura,Science and Policy|Network Analysis|IGOs|International Policy|Policy Citations
238,PA_27,Science of science III,H,12:00,232,Yingxuan Liu,Measuring Transfer of In-Practice CS Literature through Patent-Research Citation Analysis,Yingxuan Liu,Patent|Citations Analysis|Knowledge Transfer|Innovation|Big Data
239,PA_27,Science of science III,H,12:15,178,Paulina Pankowska,The potential of benchmarks for the social sciences: Lessons learned and future work,Paulina Pankowska|Tom Emery|Adrienne Mendrik,benchmarking|challenge|validation framework|mass collaboration|common task method
240,PA_28,Cities and Urban data science,A,14:30,241,Martin Arvidsson,Urban scaling laws arise from  within-city inequalities,Martin Arvidsson|Marc Keuschnigg,urban scaling|heavy tails|social networks|urban inequality|science of cities
241,PA_28,Cities and Urban data science,A,14:45,303,Matthew Sharpe,"Pubs, schools and places of worship: scaling laws in rural England",Matthew Sharpe,rural studies|geography|facilities|villages|scaling
242,PA_28,Cities and Urban data science,A,15:00,40,Sandor Juhasz,Amenity complexity and urban locations of socio-economic mixing,Sandor Juhasz,urban mobility|economic complexity|amenities|social mixing|segregation
243,PA_28,Cities and Urban data science,A,15:15,151,Francesco Silvestri,Learning urban areas from tourist data: a case study with spatially constrained clustering and Airbnb data,Eddie Rossi|Marco Agnolon|Bruno Zamengo|Francesco Silvestri,clustering|tourism|data analytics|spatial partitioning|Airbnb dataset
244,PA_28,Cities and Urban data science,A,15:30,644,Alice Battiston,ATG: a framework to characterize accessibility to public green in urban environment,Alice Battiston|Rossano Schifanella,Urban|OpenStreetMap|Sustainability|Nature|Large-scale
245,PA_28,Cities and Urban data science,A,15:45,446,Andrew Renninger,Idiosyncratic and systematic experienced isolation in urban networks,Andrew Renninger,human mobility|cities|experienced segregation|networks|intergroup contact
246,PA_29,Sociology of culture and culture dynamics,B,14:30,455,Xinwei Xu,The Dual Clustering of Tastes and Ties: Network Motifs for Cultural Consumption,Xinwei Xu|Alessandro Lomi|Christoph Stadtfeld,Cultural Consumption|Network Dynamics|Multilevel Networks|Two-Mode Networks|Stochastic Actor-Oriented Model (SAOM)
247,PA_29,Sociology of culture and culture dynamics,B,14:45,767,Pantelis Pipergias Analytis,In vino veritas: Are the opinions of wine critics more informative than those of amateurs?,Pantelis P. Analytis|Karthikeya Kaushik|Stefan Herzog|Bahador Bahrami|Ophelia Deroy,social influence|crowd wisdom|expertise|recommender network|taste homophily
248,PA_29,Sociology of culture and culture dynamics,B,15:00,194,Zeyu Lyu,Exploring multi-dimensional concept of well-being thorough geometry of culture approach,Hiroki Takikawa|Zeyu Lyu|Zhemeng Xie|Takaharu Saito|Aguru Ishibashi,well-being|text as data|word embedding model|word2vec|sociology of culture
249,PA_29,Sociology of culture and culture dynamics,B,15:15,344,Katharina Burgdorf,"The Emergence of Status Orders in Hollywood Filmmaking. Evolution of a Cultural Field, 1920 to 2000",Mark Wittek|Katharina Burgdorf,Social networks|ERGMs|Modelling culture|Sociology of Culture|Citation networks|Collaboration networks
250,PA_29,Sociology of culture and culture dynamics,B,15:30,662,Simone Santoni,Network Dynamics and Culture Re-Use: The Growth of 'Sampling' in the Music Market,Simone Santoni|Juergen Lerner|Alessandro Lomi,network dynamics|culture reuse|music market|relational event model (REM)|eventnet
251,PA_29,Sociology of culture and culture dynamics,B,15:45,762,Yiwei Luo,Ethnic succession in US restaurant review framing,Yiwei Luo|Kristina Gligoric|Dan Jurafsky,NLP|text analysis|cultural analysis|framing|food
252,PA_210,"Language, linguistics, and society",C,14:30,445,Laura Victoria Lescano Charreau,Collective implementation of the Fermi method underlies the wisdom of deliberative crowds,Laura Victoria Lescano|Federico Barrera-Lemarchand|Julieta Ruiz|Nuria Caceres|Facundo Carrillo|Mariano Sigman|Joaquín Navajas,collective decision making|wisdom of crowds|natural language processing|word embeddings|Fermi estimation method
253,PA_210,"Language, linguistics, and society",C,14:45,47,Simon Walo,Measuring Economization with Diachronic Word Embeddings,Simon Walo,
254,PA_210,"Language, linguistics, and society",C,15:00,488,Samsun Knight,Impact of narrative sentiment reversals on story success,Samsun Knight|Yakov Bart|Matt Rocklage,Sentiment analysis|natural language processing|narrative analysis|Freytag|dramaturgy
255,PA_210,"Language, linguistics, and society",C,15:15,875,Ziwen Chen,From the Boardroom to the Bedroom:  The Expansion and Abstraction of Management as a Cultural Logic,Ziwen Chen|Amir Goldberg|Douglas Richard Guilbeault,text analysis|management|cultural evolution|information diffusion|cognition
256,PA_210,"Language, linguistics, and society",C,15:30,118,Ana Macanovic,‚ÄúI Heard It on the (Silk) Road‚Äù: Structural and Cultural Pathways to Novelty Introduction in an Online Community,Ana Macanovic|Damiano Morando,online communities|novelty|innovation|networks|text mining
257,PA_210,"Language, linguistics, and society",C,15:45,600,Aidan Combs,Measuring Ambiguity in Cultural Meaning,Aidan Combs,uncertainty|social psychology|affect control theory|culture|agent-based modeling
258,PA_211,Network science II,D,14:30,165,Andreia Sofia Teixeira,Multiscale semiwalk-based measure of structural balance in signed networks,Szymon Talaga|Massimo Stella|Trevor James Swanson|Andreia Sofia Teixeira,Structural Balance|Signed Networks|Semiwalk-based SBT|Polarization|Social Sciences Theory
259,PA_211,Network science II,D,14:45,501,Filipi Nascimento Silva,Real-time visualization of large networks and embeddings,Filipi Nascimento Silva,network visualization|embedding visualization|exploration tool|science of science|social media
260,PA_211,Network science II,D,15:00,431,Edwin De Jonge,Network Segregatio n Bubble Size,Edwin de Jonge|Dingeman Jan Van der Laan,network analysis|segregation|random walk|page rank|segregation bubble
261,PA_211,Network science II,D,15:15,293,Nathaniel Holers,Opinion Formation in a Model Twitter Network,Nate Holers,Agent-based modeling|opinion formation|social network analysis|graph theory
262,PA_211,Network science II,D,15:30,580,Lena Mangold,Entropy and fragmentation in socio-semantic networks,Lena Mangold|Camille Roth,socio-semantic networks|block structures|metadata|entropy|description length|assortativity
263,PA_211,Network science II,D,15:45,564,Ferdinand Le Coz,How Graph Neural Networks help to analyze the temporal evolution of the French Presidential campaign on Twitter,Ferdinand Le Coz|Julien Figeac,Graph Neural Networks|Dynamic Graph|Online communities evolution|Digital parties
264,PA_212,Hate speech and toxicity,E,14:30,927,Manuel Tonneau,Characterizing networks of hate on Nigerian Twitter,Blas Kolic|Manuel Tonneau|Haaya Naushan|Eaman Jahani|Karim Lasri|Niyati Malhotra|Victor Hugo Orozco-Olvera|Samuel Fraiberger,networks|hate speech|demographic inference|Twitter|Nigeria
265,PA_212,Hate speech and toxicity,E,14:45,520,Jia-Ru Song,Crowdsourcing to Identify Hateful Memes: A Human-in-the-Loop Approach,Ming-Hung Wang|Jia-Ru Song|Yu-Yao Tseng,hateful meme|crowdsourcing|human-in-the-loop|hate speech|social media
266,PA_212,Hate speech and toxicity,E,15:00,448,Alina Herderich,"Improving discourse quality in online discussions: A large-scale, longitudinal study of influencing speech characteristics",Jana Lasser|Alina Herderich|Joshua Garland|Segun Aroyehun|David Garcia|Mirta Galesic,hate speech|counter speech|discourse quality|collective moderation|social media
267,PA_212,Hate speech and toxicity,E,15:15,910,Blas Kolic,Network interventions to reduce hate speech on Nigerian Twitter,Eaman Jahani|Blas Kolic|Manuel Tonneau|Hause Lin|Niyati Malhotra|Ibrahim Farouq|Victor Hugo Orozco-Olvera|Samuel Fraiberger,Randomized Control|Experiment Design|Twitter|Interference|Networks
268,PA_212,Hate speech and toxicity,E,15:30,242,Fatemah Alqabandi,How does providing users with the choice to avoid toxic political content impact their experience on social media?,Fatima Alqabandi|Graham Tierney|D. Sunshine Hillygus|Christopher Bail|Alexander Volfovsky,User choice|Personal content moderation|User experience|Algorithmic choice|Social media
269,PA_212,Hate speech and toxicity,E,15:45,174,Tian Yang,Outrage by design: How social media metrics make our news more toxic and uncivil,Yilang Peng|Tian Yang|Subhayan Mukerjee,metrics|social media|text analysis|longitudinal data|incivility|toxicity
270,PA_213,Politics and social media,F,14:30,530,Aleksandra Urman,Channels of war: Exploring Ukrainian and Russian Telegramspheres during the Russian invasion of Ukraine,Aleksandra Urman|Mykola Makhortykh|Stefan Katz,social media|war|network analysis|Telegram|political communication
271,PA_213,Politics and social media,F,14:45,479,Vincent Verger,Emotion in the European Political Language,Hugo Subtil,European parliament|political rhetoric|voting behavior|word embedding|TextAsData
272,PA_213,Politics and social media,F,15:00,645,Felix Lennert,Media Slant as Political Refraction: Measuring the Ideological Diversity of the French Media Landscape,Arnault Chatelain|Felix Lennert|Etienne Ollion|Rubing Shen,Media Slant|Natural Language Processing|Politics|Deep Learning|Media Studies
273,PA_213,Politics and social media,F,15:15,737,Tiancheng Hu,Quotatives Indicate Decline in Objectivity in U.S. Political News,Tiancheng Hu|Manoel Horta Ribeiro|Robert West|Andreas Spitz,quotative|journalistic objectivity|political news|media bias|text-as-data
274,PA_213,Politics and social media,F,15:30,288,Jan Nikadon,"BERTAgent: A Novel Tool for Quantifying Linguistic Agency: Development, Validation and an Application in the 2020 U.S. Election Tweets",Jan Nikadon|Lejla Dzanko|Tomaso Erseghe|Caterina Suitner|Michał Olech|Paweł Jurek|Magdalena Formanowicz,machine learning|linguistic agency|collective action|communication|politics
275,PA_213,Politics and social media,F,15:45,160,Yuru Li,The multi-modal frames of German politicians' personalization on Instagram,Yuru Li,Political personalization|multi-modal frames|Instagram|picture analysis|election
276,PA_214,Natural experiments and exogenous events II,G,14:30,494,Subhayan Mukerjee,The Effect of the Covid-19 Pandemic on News Consumption: An Interrupted Time Series Analysis spanning Three Asian Countries,Subhayan Mukerjee|Mohammad Amaan Haque|Taberez Ahmed Neyazi,interrupted time series|network analysis|social media|news consumption|audience studies|COVID-19
277,PA_214,Natural experiments and exogenous events II,G,14:45,679,Roney Reis De Castro E Silva,On the Impact of Political View to the Pandemic Outcomes,Roney Reis|Ronaldo Menezes|Angelo Brayner|Miguel Souza,COVID-19|Pandemic|Politics|Data Analysis|Spatial Correlation
278,PA_214,Natural experiments and exogenous events II,G,15:00,711,Edward Abel,Investigating decision accountability and trustworthiness with dominance-based rough sets analysis. How fair were COVID19 restrictions?,Edward Abel|Sajid Siraj,multi-criteria data analysis|dominance-based rough sets|covid-19|decision-trustworthiness|data-driven decision-making
279,PA_214,Natural experiments and exogenous events II,G,15:15,116,David Lusseau,Disparities in greenspace access during COVID-19 mobility restrictions,David Lusseau,Computational human ecology|Large-scale social phenomena|Computational methods to study cultural dynamics|Integration of multi-modal social data|Greenspace and mobility
280,PA_214,Natural experiments and exogenous events II,G,15:30,542,Alexander Sobieska,Decoding the Discourse: Analyzing the Linguistic Features and Strategies behind the Querdenken Movement's COVID-19 Narrative,Alexander Sobieska|Cheng Pan|Maximilian Hampel|Pia Gutsmiedl|Rosa Weidenspointner|Seong-Min Jun|Valentin Pauli,COVID-19|Natural Language Processing (NLP)|Critical Discourse Analysis (CDA)|protest movement|Querdenken
281,PA_214,Natural experiments and exogenous events II,G,15:45,0,none,none,,
282,PA_215,Gender inequality,H,14:30,237,Alexander Gates,Quantifying Systemic Gender Inequality in Visual Art,Xindi Wang|Alexander J Gates|Magnus Resch|Albert-Laszlo Barabasi,science of success|social networks|gender inequality|prestige|human mobility
283,PA_215,Gender inequality,H,14:45,230,Tara Sowrirajan,The Innovation Glass Ceiling and the Female Creative Penalty,Tara Sowrirajan|Ryan Whalen|Sourav Medya|Brian Uzzi,Creativity|Knowledge Production|Innovation|Atypicality Network Measures|Gender Differences in Innovation Success
284,PA_215,Gender inequality,H,15:00,793,Luisa Carrer,Municipal-Level Gender Norms: Measurement and Effects on Women in Politics,Luisa Carrer|Lorenzo De Masi,Gender equality|gender norms index|Facebook|machine learning|politics
285,PA_215,Gender inequality,H,15:15,786,Vjosa Preniqi,"Gender differences in Moral Valence, Sentiment, and Narratives of Song Lyrics Over Time",Vjosa Preniqi|Andreas Kaltenbrunner|Kyriaki Kalimeri|Charalampos Saitis,music|moral valence|lyrics|topic modelling|gender|sentiment analysis
286,PA_215,Gender inequality,H,15:30,166,Ole Teutloff,Technological Change and the Gender Pay Gap:  Evidence from an U.S. Online Labour Market,Ole Teutloff|Otto Kässi|Eliza Stenzhorn,gender wage gap|future of work|platform economy|technological change|machine learning
287,PA_215,Gender inequality,H,15:45,304,Douglas Guilbeault,"Age-based Gender Inequality in over One Million Images from Google, Wikipedia, and IMDb",Douglas Richard Guilbeault,Gender Stereotypes|Inequality|Search Engines|Categorization|Image Analytics